infobox_type	proposed_category	count	was_included	include_in_future
person	person	91096	1	1
officeholder	person	82796	1	1
football_biography	person	54682	1	0
settlement	place	53651	1	1
film	artifact	35167	1	0
sportsperson	person	27552	1	0
album	artifact	26355	1	0
election	event	22281	1	0
college_sports_team_season	place	18041	0	0
song	artifact	16676	1	0
musical_artist	person	16376	1	0
television	artifact	13639	1	0
scientist	person	13374	1	1
book	artifact	13245	1	0
company	business	12118	1	0
turkey_place	place	11240	0	0
military_person	person	10128	1	1
station	place	9817	1	0
football_club_season	other	9104	0	0
ship/career	artifact	8995	1	0
name_module	other	8912	1	0
building	place	8883	1	0
academic	person	8201	1	0
ship/characteristics	artifact	7795	1	0
ship	artifact	7730	1	0
ship/image	artifact	7510	1	0
organization	pol_mil_organization	7241	1	0
cricketer	person	6970	1	0
rugby_biography	person	6939	1	0
military_conflict	event	6816	1	1
writer	person	6704	1	1
football_league_season	other	6445	0	0
artist	person	6314	1	1
nfl_biography	person	6007	1	0
sports_competition_event	other	5858	0	0
artwork	artifact	5688	1	0
football_club	other	5546	0	0
basketball_biography	person	5349	1	0
military_unit	pol_mil_organization	5033	1	0
video_game	artifact	4995	1	0
nrhp	place	4844	1	0
country_at_games	pol_mil_organization	4828	0	0
mountain	place	4801	1	0
river	place	4502	1	0
award	other	4006	1	0
baseball_biography	person	3921	1	0
church	place	3809	1	0
royalty	person	3761	1	1
christian_leader	person	3735	1	0
chinese	other	3732	1	0
historic_site	place	3596	1	0
constituency	pol_mil_organization	3569	1	0
animanga/print	other	3550	0	0
tennis_biography	person	3516	1	0
cyclist	person	3477	1	0
political_party	pol_mil_organization	3090	1	0
television_season	artifact	2995	0	0
football_tournament_season	other	2968	0	0
religious_building	place	2897	1	0
government_agency	pol_mil_organization	2854	0	0
civilian_attack	event	2798	1	0
restaurant	business	2766	1	0
college_coach	person	2756	1	0
television_episode	artifact	2706	0	0
event	event	2679	1	1
road	place	2664	0	0
animanga/footer	other	2631	0	0
animanga/header	other	2630	0	0
ncaa_team_season	other	2613	0	0
university	place	2448	1	0
drug	other	2416	0	0
mma_event	other	2385	0	0
sports_season	other	2354	0	0
venue	place	2345	1	0
protected_area	place	2306	1	0
body_of_water	place	2303	1	1
school	place	2244	1	0
museum	place	2151	1	0
korean_name/auto	other	2137	1	0
person/wikidata	person	2038	1	0
australian_place	place	1981	0	0
official_post	other	1970	0	0
ice_hockey_player	person	1958	1	0
park	place	1941	1	0
rugby_league_biography	person	1902	1	0
racing_driver	person	1896	1	0
football_match	other	1878	0	0
ancient_site	place	1872	1	1
gymnast	person	1870	1	0
dam	place	1806	0	0
play	artifact	1769	0	0
martial_artist	person	1731	1	0
hurling_championship	other	1720	0	0
road_small	place	1699	0	0
legislative_district	other	1668	0	0
indian_constituency	pol_mil_organization	1652	0	0
reality_competition_season	other	1645	0	0
automobile	artifact	1642	0	0
animanga/video	other	1640	0	0
international_football_competition	other	1617	0	0
curler	other	1615	1	0
chess_player	person	1606	1	0
religious_biography	person	1593	1	0
tennis_event	other	1588	0	0
nascar_race_report	other	1560	0	0
newspaper	business	1555	0	0
hospital	place	1541	0	0
galaxy	other	1540	0	0
boxer	person	1511	1	0
college_football_player	person	1487	1	0
multi-sport_competition_event	other	1485	0	0
government_cabinet	pol_mil_organization	1448	1	0
rail_line	other	1403	1	0
uk_legislation	other	1397	1	0
swimmer	person	1391	1	0
bilateral_relations	other	1352	0	0
military_installation	place	1330	1	0
magazine	other	1297	0	0
politician	person	1276	1	0
software	artifact	1259	1	0
monument	other	1237	0	0
street	other	1230	1	0
website	other	1222	1	0
weapon	artifact	1221	0	0
legislative_election	event	1220	1	0
journal	other	1216	0	0
civil_conflict	event	1214	1	0
tennis_tournament_event	other	1198	0	0
scotus_case	other	1184	0	0
sport_event	other	1182	0	0
bridge	place	1180	1	0
handball_biography	person	1165	1	0
olympic_event	other	1159	0	0
uk_place	place	1153	0	0
criminal	person	1152	1	0
concert	other	1141	0	0
islands	other	1121	1	0
sailboat_specifications	artifact	1113	0	0
athletics_championships	other	1110	0	0
recurring_event	other	1107	1	0
field_hockey_player	person	1103	1	0
professional_wrestler	person	1098	1	0
sports_league	other	1085	1	0
golfer	person	1078	1	0
character	other	1064	1	0
cycling_race_report	other	1061	0	0
paralympic_event	other	1055	0	0
legislature	pol_mil_organization	1039	1	0
television_channel	other	1036	0	0
social_media_personality	person	1035	1	0
food	other	1023	0	0
radio_station	place	1021	0	0
artist_discography	person	999	1	0
cricket_tournament	other	987	0	0
serial_killer	person	977	1	0
chinese/chinese	other	944	1	0
legislation	other	942	1	0
court_case	other	940	1	0
ethnic_group	other	929	1	0
pan_american_games_event	other	918	0	0
film_awards	artifact	915	0	0
weather_event	event	905	0	0
weather_event/footer	event	903	0	0
weather_event/effects	event	900	0	0
racehorse	other	898	0	0
afl_biography	person	877	1	0
noble	person	875	1	0
wrestling_event	other	875	0	0
architect	person	873	1	0
speed_skater	other	866	1	0
nascar_driver	person	854	1	0
power_station	place	842	0	0
korean_television_name/auto	artifact	829	0	0
musical_composition	artifact	825	0	0
judoka	person	821	1	0
ship/class_overview	artifact	821	0	0
gaelic_games_player	person	816	1	0
speedway_rider	person	798	0	0
badminton_event	other	790	0	0
aircraft	artifact	777	1	0
ncaa_basketball_conference_tournament	other	764	0	0
soap_character	other	764	0	0
ice_hockey_biography	person	757	1	0
badminton_player	person	753	1	0
language	concepts	746	1	0
spaceflight	other	738	0	0
gridiron_football_biography	person	734	1	0
pageant_titleholder	person	723	1	0
political_post	other	721	0	0
legislative_term	other	715	0	0
political_party/seats	pol_mil_organization	711	0	0
minor_league_baseball	other	705	0	0
professional_wrestling_event	other	687	0	0
volleyball_biography	person	680	1	0
judo_competition_event	other	679	0	0
airport	place	676	0	0
basketball_club	other	674	0	0
bishopstyles	other	672	0	0
curling	other	670	0	0
school_district	place	663	0	0
rockunit	other	663	0	0
sailor	person	661	1	0
philosopher	person	653	1	1
judge	person	643	1	0
given_name	other	642	0	0
cricket_tour	other	642	0	0
tennis_tournament	other	640	0	0
mobile_phone	artifact	636	0	0
beauty_pageant	other	635	0	0
golf_season	other	633	0	0
medical_person	person	632	1	0
aircraft_occurrence	event	626	1	0
field_hockey	other	622	0	0
commonwealth_games_event	other	618	0	0
game	other	616	0	0
locomotive	other	615	0	0
referendum	event	606	1	0
cemetery	place	604	0	0
football_league	other	600	0	0
basketball_league_season	other	593	0	0
rail_service	other	565	0	0
shopping_mall	place	556	1	0
saint	person	555	1	0
boxing_match	other	549	0	0
awards_list	other	537	1	0
hromada	other	524	0	0
russian_rural_locality	other	511	0	0
film_festival	other	508	0	0
grand_prix_race_report	other	508	0	0
medical_condition	other	507	0	0
racing_car	other	499	0	0
wildfire	event	499	0	0
earthquake	event	498	1	0
designation_list	other	497	1	0
football_tournament	other	493	0	0
golf_tournament	other	493	0	0
television_station	place	492	0	0
pandemic	event	490	1	0
games	other	486	0	0
russian_inhabited_locality	place	482	0	0
deity	other	479	1	0
southeast_asian_games_event	other	475	0	0
diplomatic_mission	pol_mil_organization	462	1	0
figure_skater	person	462	1	0
short_story	artifact	456	0	0
airline	business	455	0	0
train	artifact	453	0	0
radio_show	other	450	0	0
former_subdivision	pol_mil_organization	438	0	0
hindu_temple	place	436	1	0
name	other	435	0	0
library	place	423	0	0
youtuber	person	419	1	0
podcast	other	417	1	0
international_hockey_competition	other	411	0	0
country	pol_mil_organization	410	1	1
tournament	other	406	1	0
holiday	other	405	1	0
npb_player	person	399	0	0
actor	person	397	1	0
international_basketball_competition	other	396	0	0
cfl_biography	person	388	0	0
family	other	388	1	0
militant_organization	pol_mil_organization	379	1	1
football_country_season	pol_mil_organization	375	0	0
japanese	other	374	1	0
fivb_tournament	other	369	0	0
individual_golf_tournament	other	367	0	0
athlete	person	366	1	0
cricket_team	other	362	0	0
planet	other	359	0	0
rugby_team	other	357	0	0
international_handball_competition	other	357	0	0
fila_wrestling_event	other	348	0	0
world_games_event	other	344	0	0
baseball_team_season	other	343	0	0
sports_rivalry	other	343	0	0
musician_awards/customs	person	341	0	0
rugby_union_season	other	338	0	0
artifact	artifact	338	0	0
ice_hockey_team	other	334	0	0
skating_event	other	333	0	0
cycling_race	other	329	0	0
national_basketball_team	other	329	0	0
song_contest_national_year	other	328	0	0
volleyball_player	person	328	1	0
korean_film_name/auto	artifact	327	0	0
motorcycle	artifact	323	0	0
mine	place	323	0	0
police_officer	person	322	1	1
sport_governing_body	other	320	0	0
individual_snooker_tournament	other	318	0	0
comic_book_title	artifact	317	0	0
musical	artifact	317	1	0
ncaa_football_yearly_game	other	317	0	0
former_country	pol_mil_organization	315	1	0
ncaa_soccer_conference_tournament	other	314	0	0
sports_team	other	313	0	0
national_football_team	other	313	0	0
landform	place	312	0	0
chess_biography	person	309	1	0
single	other	307	0	0
treaty	other	302	1	0
lake	place	300	1	0
ecoregion	other	299	0	0
greek_dimos	other	298	0	0
record_label	business	298	1	0
model	person	298	1	0
comedian	person	297	1	0
law_enforcement_agency	pol_mil_organization	296	0	0
cultivar	other	293	0	0
skier	person	293	0	0
jewish_leader	person	292	1	0
motorsport_venue	place	291	0	0
ncaa_baseball_conference_tournament	other	291	0	0
animal	other	287	1	0
flag	other	284	1	0
gaa_player	person	279	0	0
weather_event/jtwc	event	278	0	0
nfl_team_season	other	278	0	0
rugby_league_team_season	other	277	0	0
weather_event/tornado	event	277	0	0
mp	other	276	1	0
horseraces	other	275	0	0
basketball_club_season	other	274	0	0
publisher	business	273	0	0
figure_skating_competition	person	273	0	0
song_contest_entry	other	272	0	0
rail	other	270	0	0
prepared_food	other	264	0	0
netball_biography	person	263	1	0
england_and_wales_ward	other	262	0	0
sport_tournament	other	262	0	0
poem	other	262	0	0
bus_line	other	261	0	0
public_transit	other	259	0	0
cricket_club_season	other	258	0	0
port	place	257	0	0
football_official	other	254	1	0
earthquakes_in_month	other	254	0	0
historic_building	place	252	0	0
hurricane_small	event	250	0	0
table_tennis_player	other	249	1	0
mineral	other	248	0	0
russian_constituency	pol_mil_organization	246	0	0
canada_electoral_district	other	245	0	0
united_states_legislative_district	other	245	0	0
frazione	other	243	0	0
ice_hockey_team_season	other	240	0	0
comics_creator	other	240	1	0
economist	person	239	1	0
horseracing_personality	other	239	1	0
nba_season	other	236	0	0
summit_meeting	event	235	0	0
french_subdivision	other	235	0	0
alpine_ski_racer	other	233	0	0
hotel	business	232	0	0
waterfall	place	232	0	0
brand	other	232	0	0
chef	person	231	1	0
college_basketball_tournament	place	231	0	0
mexican_federal_electoral_district	other	231	0	0
information_appliance	artifact	230	0	0
stadium	place	229	0	0
dancer	person	229	1	0
music_festival	other	225	1	0
organisation	pol_mil_organization	225	0	0
surname	other	224	0	0
tunnel	place	223	0	0
book_series	other	223	0	0
nobility_title	other	222	0	0
clergy	person	221	1	1
sports_award	other	221	0	0
monastery	place	220	0	0
sports_draft	other	220	0	0
canadian_football_league_biography	person	219	1	0
cycling_championship	other	219	0	0
tropical_cyclone_small	event	219	0	0
individual_darts_tournament	other	218	0	0
author	person	218	1	0
public_transit_accident	event	214	1	0
windstorm_small	event	213	0	0
gaa_championship	other	206	0	0
war_faction	pol_mil_organization	206	1	0
institute	other	206	1	0
gaa_club	other	206	0	0
australian_rules_football_season	other	206	0	0
comet	other	205	0	0
sailing_competition	other	204	0	0
historical_event	event	203	1	1
office_holder	other	202	1	0
nobility	other	202	1	0
prison	place	201	1	0
rugby_union_biography	person	200	1	0
scholar	person	198	1	0
bus_transit	other	197	0	0
indian_politician	person	196	0	0
flood	event	195	0	0
cave	place	195	0	0
artefact	artifact	195	0	0
cycling_team	other	195	1	0
feature_on_celestial_object	other	193	0	0
rally	other	192	0	0
military_structure	other	190	0	0
climber	person	190	1	0
international_baseball_tournament	other	185	0	0
rpg	other	185	0	0
weather_event/jma	event	184	0	0
gene	other	184	0	0
international_ice_hockey_competition	other	184	0	0
central_committee_outline	other	184	0	0
military_award	other	183	1	0
criminal_organization	person	181	1	0
squash_player	person	181	0	0
valley	place	180	1	0
baseball_team	other	180	0	0
handball_club	other	179	0	0
motorcycle_rider	person	178	1	0
military_operation	event	178	1	0
spaceflight/dock	other	177	0	0
music_genre	concepts	176	0	0
motor_race	other	176	0	0
automobile_engine	artifact	176	0	0
monarch	person	175	1	0
order	other	175	0	0
temple	place	172	0	0
rugby_sevens	other	172	0	0
u.s._legislation	other	171	1	0
ambassador	person	170	1	0
administration	other	170	1	0
horse_race	other	169	0	0
motorsport_championship	other	169	0	0
athletics_competition	other	169	0	0
union	other	168	0	0
fraternity	other	168	0	0
urban_feature	other	166	0	0
diocese	other	165	0	0
german_place	place	165	0	0
fencer	person	164	0	0
pro_wrestling_championship	other	163	0	0
crater_data	other	163	0	0
athletics_race	other	162	0	0
legislative_session	other	162	0	0
unesco_world_heritage_site	place	160	1	0
media_franchise	other	160	1	0
snooker_player	person	160	0	0
portuguese_subdivision	other	160	1	0
weather_event/nws	event	159	0	0
lighthouse	place	159	0	0
sssi	other	159	0	0
christian_denomination	concepts	158	0	0
zoo	place	157	0	0
journalist	person	157	0	0
project	other	154	0	0
nebula	other	154	0	0
rocket/stage	artifact	153	0	0
rugby_tournament	other	152	0	0
indian_political_party	pol_mil_organization	151	1	0
hiking_trail	other	150	1	0
religious_text	other	150	1	0
cvg	other	149	0	0
medical_condition_(new)	other	148	0	0
darts_player	person	148	0	0
tennis_circuit_season	other	146	0	0
atp_challenger_tournament	other	145	0	0
national_badminton_team	other	145	0	0
opera	artifact	145	0	0
new_zealand_suburb	other	144	0	0
skyscraper	other	144	0	0
double_wintersport_world_cup	other	142	0	0
all-ireland_hurling	other	139	0	0
cricket_tournament_main	other	139	0	0
place	other	139	0	0
basketball_tournament_season	other	138	0	0
tennis_grand_slam_events	other	137	0	0
nfl_season	other	137	0	0
document	other	136	1	0
court	other	136	0	0
golf_facility	other	136	1	0
australian_road	place	136	0	0
camera	artifact	134	0	0
rugby_league_season	other	134	0	0
coat_of_arms	other	133	1	0
rugby_league_football_competition	other	133	0	0
cricket_series	other	131	0	0
mountain_pass	place	130	0	0
cycling_season	other	130	0	0
artwork/wikidata	artifact	128	0	0
news_event	event	128	1	0
coa_wide	other	128	1	0
grand_prix_motorcycle_race_report	artifact	128	0	0
volleyball_club	other	127	0	0
forest	other	127	0	0
government_budget	pol_mil_organization	127	0	0
roller_coaster	other	126	0	0
gaelic_athletic_association_player	person	126	0	0
rowing_club	other	126	0	0
presenter	person	125	1	0
engineer	person	125	0	0
basketball_game	other	125	0	0
convention	other	125	0	0
tennis_tournament_year	other	124	0	0
korean_name	other	124	1	0
spring	other	124	0	0
youtube_personality	other	123	1	0
cricket_ground	other	122	0	0
simpsons_episode	other	122	0	0
amusement_park	place	122	0	0
drink	other	122	0	0
animanga/game	other	120	0	0
afl_club_season	other	119	0	0
election_campaign	event	119	1	0
parapan_american_games_event	other	119	0	0
ncaa_softball_conference_tournament	other	118	0	0
cycling_team_season	other	118	0	0
film_or_theatre_festival	other	117	0	0
animanga/other	other	117	0	0
wrestling_team	other	117	0	0
rocket/payload	artifact	116	0	0
fiba_tourney	other	116	0	0
archaeological_culture	place	114	0	0
soldier	person	113	1	0
mountain_range	place	113	0	0
astronaut	person	112	1	0
song_contest	other	111	0	0
storm	event	111	0	0
ncaa_conference_tournament	other	110	0	0
graphic_novel	artifact	109	0	0
station/header_gr	place	108	0	0
grapheme	other	108	0	0
squash_championship	other	108	0	0
factory	other	107	1	0
sport_overview	other	107	0	0
battle	event	107	1	1
sumo_wrestler	person	106	1	0
outbreak	event	106	0	0
wine_region	place	106	0	0
ski_area	other	106	1	0
biography	person	105	1	1
video_game_series	artifact	105	0	0
wrestling_ppv_series	other	104	0	0
ncaa_tournament_yearly	other	104	0	0
college	place	103	0	0
aero_engine	artifact	103	0	0
nonhuman_protein	other	102	0	0
video_game_player	person	102	1	0
spaceflight/ip	other	101	0	0
streamer	person	101	1	0
ncaa_ice_hockey_season	other	101	0	0
shogi_professional	other	100	0	0
basketball_league	other	100	0	0
language_family	concepts	100	0	0
motor_racing_team	other	100	0	0
bishop_styles	person	100	1	0
uk_constituency_main	pol_mil_organization	100	0	0
rugby_world_sevens	other	99	0	0
anthem	other	99	0	0
un_resolution	other	99	0	0
scotland_ward	other	99	0	0
national_volleyball_team	other	98	0	0
swimming_meet	other	98	0	0
noble_house	person	98	1	0
comics_character	other	98	0	0
card_game	other	97	0	0
electric_vehicle	other	97	0	0
college_ice_hockey_team	place	96	0	0
product	other	96	0	0
manuscript	other	96	0	0
organization/wikidata	pol_mil_organization	95	0	0
german_location	place	94	0	0
dance	other	94	0	0
computing_device	other	94	0	0
national_futsal_team	other	94	0	0
rugby_football_league_season	other	93	0	0
universiade_event	other	92	0	0
	other	90	1	0
folk_tale	other	90	0	0
os	other	90	0	0
classical_composer	person	90	0	0
census	other	90	0	0
us_supreme_court_case	other	90	1	0
orchestra	other	89	0	0
rugby_league_club	other	89	0	0
oil_field	other	89	0	0
pool_player	person	88	0	0
soccer_club_season	other	88	0	0
basketball_final_four	other	87	0	0
murderer	person	87	1	1
gaa_match	other	87	0	0
religion	concepts	86	0	0
biathlete	person	86	0	0
hockey_tournament_season	other	86	0	0
comics_story_arc	other	85	0	0
v8_supercar_race_report	other	85	0	0
geographical_indication	other	85	0	0
winter_storm_small	event	84	0	0
ncaa_division_i_men's_basketball_season	other	84	0	0
national_field_hockey_team	other	83	0	0
military_memorial	other	82	0	0
instrument	other	82	0	0
weather_event/tornado_outbreak	event	82	0	0
youtube_channel	other	81	1	0
field_hockey_club	other	81	0	0
gridiron_football_team_season	other	81	0	0
national_handball_team	other	81	0	0
australian_football_club	other	80	0	0
fia_formula_2_race_report	other	80	0	0
archives	other	80	0	0
tournament_season	other	80	0	0
artist_list	person	79	0	0
theatre	other	79	0	0
soap_character_2	other	79	0	0
canal	place	78	0	0
rocket	artifact	78	0	0
coin	artifact	78	0	0
motorcycle_speedway_team	artifact	78	0	0
radar	artifact	77	0	0
royal_styles	other	77	1	0
scientist/wikidata	person	77	0	0
wrc_driver	other	76	0	0
boxer_(amateur)	person	75	1	0
bishop	person	75	0	0
time_zone_country	pol_mil_organization	75	0	0
gp3_round_report	other	75	0	0
mep	other	74	0	0
tribe	pol_mil_organization	74	0	0
nbl_season	other	73	0	0
broadcasting_network	other	73	0	0
festival	other	73	0	0
continental_football	other	73	0	0
twenty20_club_season	other	73	0	0
song_contest_national_year/year	other	73	0	0
itf_women's_circuit_tournament	other	72	0	0
u.s._presidential_document	other	72	1	0
tree	other	71	0	0
attraction	other	71	0	0
vafa_season	other	71	0	0
hurricane_season	event	70	0	0
tractor	other	69	0	0
high_court	other	69	0	0
casino	business	69	0	0
political_youth_organization	pol_mil_organization	69	1	0
bus_company	business	69	0	0
motocross_rider	other	69	0	0
fashion_designer	other	68	0	0
first_nation	pol_mil_organization	68	0	0
beverage	other	68	0	0
intangible_heritage	other	68	0	0
american_championship_car_race_report	other	68	0	0
french_commune	place	68	0	0
glacier	place	67	0	0
cpu	other	67	0	0
military_rank	other	67	0	0
european_rugby_cup_season	other	67	0	0
filmography_list	other	66	0	0
national_baseball_team	other	66	0	0
writing_system	concepts	65	0	0
hereditary_title	other	65	1	0
college_football_game	place	65	0	0
curling_event	other	65	0	0
railway_depot	other	64	0	0
given_name_revised	other	64	0	0
comic_strip	artifact	64	0	0
mythical_creature	other	63	0	0
trail	other	63	0	0
mosque	place	63	0	0
united_states_federal_proposed_legislation	other	63	0	0
water_polo_biography	person	62	0	0
surfer	person	62	1	0
minister	person	62	1	0
horse_breed	other	62	0	0
hindu_leader	person	61	1	0
gaa_tournament	other	61	0	0
maryland_state_legislature_district	pol_mil_organization	61	0	0
engineering_career	other	61	1	0
nascar_team	other	61	0	0
ncaa_baseball_tournament	other	61	0	0
engine	other	60	0	0
lacrosse_team_season	other	60	0	0
spy	person	60	1	1
computer	artifact	60	0	0
american_football_team	other	60	0	0
fia_formula_3_race_report	other	60	0	0
novel	artifact	60	0	0
terrorist_attack	event	59	0	0
malaysia_electoral_district	other	59	0	0
mapframe	other	59	1	0
director	other	58	0	0
ncaa_ice_hockey_conference_tournament	other	58	0	0
poet	person	58	1	0
limited_overs_final	other	58	0	0
record_charts	other	58	0	0
retail_market	other	58	0	0
gaelic_games_county_team	other	58	0	0
island	place	57	1	1
historic_subdivision	other	57	0	0
lacrosse_player	person	56	0	0
swimming_event	other	56	0	0
military_gear	other	56	0	0
religious_group	concepts	56	1	0
disaster	event	56	0	0
boxingmatch	other	56	0	0
philippine_partylist_group	other	56	0	0
theatre_group	other	55	0	0
international_netball_competition	other	55	0	0
architectural_practice	other	55	0	0
site_of_special_scientific_interest	place	55	0	0
rugby_league_football_match	other	54	0	0
racecourse	other	54	0	0
emblem	other	54	1	0
netball_team_season	other	54	0	0
professional_bowler	other	54	0	0
art_movement	concepts	53	0	0
road_junction	place	53	0	0
college_ice_hockey_season	place	53	0	0
fictional_location	other	53	0	0
comics_meta_series	other	53	0	0
manhwa	artifact	53	0	0
college_softball_season	place	52	0	0
poker_player	other	52	1	0
indoor_american_football_team	other	52	0	0
champ_car_driver	other	52	0	0
leadership_election	event	52	0	0
governor	person	52	1	0
human	other	52	0	0
given_name2	other	52	0	0
weather_event/storm	event	52	0	0
ballet	artifact	52	0	0
historian	person	51	0	0
open_cluster	other	51	0	0
subdivision_type	other	51	0	0
college_track_and_field_team	place	51	0	0
painting	artifact	50	0	0
technology_standard	other	50	0	0
named_horse	other	50	0	0
greece_place	other	50	0	0
national_sports_federations	other	50	0	0
law_firm	business	50	0	0
seamount	other	50	0	0
dog_breed	other	50	0	0
unicode_block	other	50	0	0
darts_team	other	50	0	0
uk_constituency	pol_mil_organization	50	0	0
nfl_player	person	49	0	0
laboratory	other	49	0	0
egyptian_dignitary	other	49	0	0
actress	person	49	0	0
gp2_round_report	other	49	0	0
observatory	other	48	1	0
tennis_player_season	other	48	0	0
programming_language	concepts	48	0	0
pier	other	48	1	0
basketball_final	other	48	0	0
pba_season	other	48	0	0
oil_refinery	other	47	0	0
identity_document	other	47	0	0
bodybuilder	person	47	1	0
rugby_league_international_tournament	other	47	0	0
bio	other	47	1	0
vg	other	46	0	0
arabic_name	other	46	1	0
brewery	business	46	0	0
medical_intervention	other	46	0	0
astronomical_event	other	46	0	0
victorian_football_season	other	46	0	0
fire_department	other	46	0	0
footballer	person	46	0	0
equestrian	person	45	0	0
cheese	other	45	0	0
color	other	45	0	0
moscow_city_duma_constituency	pol_mil_organization	45	0	0
spacecraft_class	artifact	44	0	0
actor_awards	person	44	1	0
weather_event/imd	event	44	0	0
gaelic_games_biography	person	44	0	0
national_hockey_team	other	44	0	0
clothing_type	other	44	0	0
motorsport_season	other	44	0	0
rabbi	other	44	0	0
fault	other	44	0	0
u.s._state_legislation	other	43	0	0
banknote	artifact	43	0	0
australian_rules_football_match	other	43	0	0
ship/service_record	artifact	43	0	0
ncaabasketballsinglegame	other	43	0	0
ncaa_basketball_rankings	other	43	0	0
pageant	other	43	0	0
ncaa_sports_season	other	43	0	0
am	other	42	1	0
government	pol_mil_organization	42	0	0
doctor_who_episode	person	42	0	0
mpbl_season	other	42	0	0
uk_bus	other	41	0	0
sport	other	41	0	0
gaa_championship_main	other	41	0	0
cycling_path	other	41	0	0
czech_senate_district	other	41	0	0
examination	other	41	0	0
national_military	pol_mil_organization	40	0	0
aerial_lift_line	other	40	0	0
italian_comune	place	40	0	0
summit	other	40	0	0
owl_season	other	40	0	0
worldscouting	other	40	0	0
power_transmission_line	other	40	0	0
college_basketball_team	place	40	0	0
weather_event/winter_storm	event	40	0	0
tram_network	other	40	0	0
number	other	40	0	0
college_football_team	place	39	0	0
file_format	concepts	39	0	0
handball_league_season	other	39	0	0
choir	other	39	0	0
protein_family	other	39	0	0
rugby_club_season	other	39	0	0
caste	other	39	0	0
state_representative	other	39	1	0
historical_era	historical_period	39	0	0
photographic_lens	other	39	0	0
world_rx_event_report	other	39	0	0
xc_championships	other	38	0	0
currency	other	38	0	0
law	other	38	0	0
ph_collegiate_finals	other	38	0	0
diagnostic	other	38	0	0
football_derby	other	38	0	0
lego_theme	other	38	0	0
eu_legislation	other	38	0	0
pba_season2	other	38	0	0
hockey_team	other	37	0	0
squash_tournament	other	37	0	0
mandir	other	37	0	0
enzyme	other	37	0	0
wec_race	other	37	0	0
parliamentary_group	other	37	0	0
concentration_camp	other	37	0	0
television_awards	artifact	37	0	0
aviator	person	36	1	0
executive_government	pol_mil_organization	36	0	0
winery	business	36	0	0
japanese_clan	pol_mil_organization	36	0	0
cryptocurrency	other	36	1	0
property_development	other	36	0	0
ncaa_basketball_tournament	other	36	0	0
floorball_club	other	36	0	0
firearm_cartridge	artifact	36	0	0
settlement_al	place	35	0	0
rocket_engine	other	35	0	0
rugby_league_tour	other	35	0	0
indic_letter	other	35	0	0
station/header_cta	place	35	0	0
swimming_pool	other	34	0	0
kommune	other	34	0	0
gridiron_football_person	person	34	0	0
ncaa_ice_hockey_tournament	other	34	0	0
yacht_club	other	34	0	0
international_softball_tournament	other	34	0	0
holocaust_event	event	34	0	0
rocket_launch	other	34	0	0
sports_match	other	34	0	0
research_institute	other	33	0	0
professional_wrestling_team	other	33	0	0
farm	other	33	0	0
united_states_district_court_case	other	33	0	0
water_park	place	33	0	0
ncaa_football_rankings	other	33	0	0
archaeological_site	place	33	0	0
non-profit	other	32	0	0
advertising	other	32	0	0
martial_art	concepts	32	0	0
college_volleyball_team	place	32	0	0
convention_center	other	32	0	0
individual_strongman_competition	other	32	0	0
ice_hockey_game	other	32	0	0
online_service	other	32	0	0
nfl_single_game	other	32	0	0
president	person	31	1	0
sporting_event_organization	pol_mil_organization	31	0	0
wrestling_promotion	other	31	0	0
film_award	other	31	0	0
constitution	other	31	0	0
housing_project	other	31	0	0
proto-language	concepts	31	0	0
year_in_combat_sports	other	31	0	0
sculpture	artifact	31	0	0
rugby_football_league_challenge_cup	other	31	0	0
album/color	artifact	31	0	0
eruption	event	31	0	0
urban_development_project	other	31	0	0
geopolitical_organization	pol_mil_organization	31	1	0
synthesizer	artifact	31	0	0
ski_jumper	other	31	0	0
scottish_distillery	other	31	0	0
korean_television_name	artifact	31	0	0
museum/wikidata	place	30	0	0
pool_tournament	other	30	0	0
radio_network	other	30	0	0
castle	place	30	0	0
law_enforcement_unit	pol_mil_organization	30	0	0
people	other	30	1	0
electronic_payment	other	30	0	0
curling_competition	other	30	0	0
officeholder/office	person	30	1	0
state_highway_system	other	29	0	0
skyline	other	29	0	0
peninsulas	other	29	0	0
water_transit	other	29	0	0
automobile_platform	artifact	29	0	0
university_rankings	place	29	0	0
national_olympic_committee	other	29	0	0
musician_awards	person	29	1	0
team_golf_tournament	other	29	0	0
shinto_shrine	place	29	1	1
weather_event/extratropical	event	29	0	0
pro_gaming_player	person	28	0	0
rugby_league_representative_team	other	28	0	0
top_level_domain	other	28	0	0
ethnonym	other	28	1	0
fbi_ten_most_wanted	other	28	0	0
pinball	other	28	0	0
coa_case	other	28	0	0
clothing_item	other	28	0	0
rugby_match	other	28	0	0
heat_event	other	28	0	0
le_mans_driver	other	27	1	0
programming_block	other	27	0	0
snooker_tournament	other	27	0	0
canadian_parliament	pol_mil_organization	27	0	0
meteorite	other	27	0	0
athletics_club	other	27	0	0
u.s._courts_of_appeals_case	other	27	0	0
toy	other	27	0	0
occupation	other	27	0	0
grape_variety	other	27	0	0
sports_club	other	27	0	0
theologian	person	27	1	0
stage_production	other	26	0	0
cattle_breed	other	26	0	0
telescope	artifact	26	0	0
world's_fair	other	26	0	0
border	other	26	0	0
pipeline	other	26	0	0
protest	event	26	0	0
rdt	other	26	0	0
tour_rugby	other	26	0	0
poultry_breed	other	26	0	0
darts_tournament	other	26	0	0
superbike_race_report	other	26	0	0
pharaoh	person	25	0	0
protein	other	25	0	0
pro_hockey_team	other	25	0	0
mlb_player	person	25	0	0
anatomy	other	25	0	0
super_rugby_season	other	25	0	0
village	place	25	0	0
bug	other	25	0	0
gaa_league	other	25	0	0
baseball_game	other	25	0	0
netball_team	other	25	0	0
football_association	other	25	0	0
egyptian_tomb	other	25	0	0
rfam	other	25	0	0
fossil	other	25	0	0
mongolian_script_letter	other	25	0	0
wnbl_team_season	other	24	0	0
tornado_year	event	24	0	0
medieval_text	other	24	0	0
martial_arts_tournament	other	24	0	0
textile	other	24	0	0
ipa	other	23	0	0
operational_plan	other	23	0	0
residential_college	place	23	0	0
command_structure	other	23	1	0
computer_hardware	artifact	23	0	0
baseball_championship_series	other	23	0	0
station/header_korail	place	23	0	0
mayor	person	23	0	0
rugby_world_cup	other	23	0	0
impeachment_process	other	23	0	0
bibliography	other	23	0	0
pepper	other	23	0	0
earthquakes_in_year	other	23	0	0
campground	other	23	0	0
chess_match	other	23	0	0
six_nations_championship	other	23	0	0
russian_district	place	23	1	0
law_enforcement_operation	pol_mil_organization	23	0	0
netball_quad_series	other	23	0	0
softball_team	other	23	0	0
road/shieldmain/usa	place	23	0	0
distillery	other	23	0	0
desalination_plant	other	23	0	0
ncaa_philippines_team_season	other	23	0	0
collection	other	22	0	0
uaap_team_season	other	22	0	0
individual_space_vehicle	other	22	0	0
car	other	22	0	0
parliament	pol_mil_organization	22	0	0
swiss_town	place	22	0	0
tennis_cup_team	other	22	0	0
photographer	other	22	0	0
kbo_player	other	22	0	0
monarchy	other	21	1	0
dot-com_company	business	21	0	0
sports_announcer_details	other	21	1	0
robot	other	21	0	0
australian_electorate	other	21	0	0
european_case	other	21	0	0
college_football_bowl_game	place	21	0	0
ncaa_basketball_game	other	21	0	0
early_american_football_team_season	other	21	0	0
square	other	21	0	0
ncaa_volleyball_conference_tournament	other	21	0	0
railroad	other	21	0	0
australian_ward	other	21	0	0
junior_college_football_season	place	21	0	0
fictional_race	other	20	0	0
rugby_europe_international_championships	other	20	0	0
nfl_game	other	20	0	0
medal_templates	other	20	1	0
national_rugby_team	other	20	0	0
windmill	other	20	0	0
weather_event/history	event	20	0	0
mathematician	person	20	0	0
professional_wrestling_championship	other	20	0	0
galaxy_cluster	other	20	0	0
rugby_union_tour	other	20	0	0
international_floorball_competition	other	20	0	0
climbing_route	other	20	0	0
snooker_season	other	19	0	0
typeface	other	19	0	0
scottish_island	place	19	0	0
sport_supporter_group	other	19	0	0
exchange	other	19	0	0
lds_in_country	pol_mil_organization	19	0	0
halftime_show	other	19	0	0
conference	other	19	0	0
os_version	other	19	0	0
tibetan_buddhist_monastery	place	19	0	0
weather_event/bom	event	19	0	0
boat_race	other	19	0	0
song/color	artifact	19	0	0
ballet_company	business	18	0	0
essay	other	18	0	0
acquisition	other	18	0	0
player_of_english_billiards	other	18	0	0
go_player	person	18	0	0
union_by_country	pol_mil_organization	18	0	0
oil_spill	event	18	0	0
trolleybus_system	other	18	0	0
space_program	other	18	0	0
curling_club	other	18	0	0
rebbe	person	18	0	0
famine	event	18	0	0
korean_film_name	artifact	18	0	0
united_nations	pol_mil_organization	18	0	0
philippine_political_party	pol_mil_organization	18	0	0
mma_event_(road_fc)	place	18	0	0
composer	person	18	1	1
albanian_place	other	18	0	0
speedway_league_season	other	18	0	0
esports_player	person	18	0	0
t1_league_season	other	18	0	0
drums_corps	other	18	0	0
month	other	18	0	0
national_water_polo_team	other	17	0	0
mass_murderer	person	17	1	1
graphics_processing_unit	other	17	0	0
nhs_organisation	pol_mil_organization	17	0	0
economy	other	17	0	0
native_american_leader	other	17	1	0
airliner_accident	other	17	1	0
circus	other	17	0	0
lunar_crater	other	17	0	0
scc	other	17	0	0
former_monarchy	other	17	0	0
indonesian_political_party	pol_mil_organization	17	0	0
weather_event/mfr	event	17	0	0
business_park	place	17	0	0
whisky_distillery	other	16	0	0
cardinal_styles	other	16	0	0
bandy_biography	person	16	1	0
national_political_convention	other	16	0	0
aircraft_accident	event	16	0	0
launch_pad/pad	other	16	0	0
military_attack	event	16	0	0
astronomical_object	other	16	0	0
climax_series	other	16	0	0
rc_car_race_report	other	16	0	0
pba_conference	other	16	0	0
electionph	other	16	0	0
literary_genre	other	16	0	0
protocol	other	16	0	0
tram	other	16	0	0
swim_meet	other	16	0	0
beach	place	16	0	0
academic_conference	person	16	0	0
united_states_elections	other	16	0	0
hawaii_territorial_legislature	pol_mil_organization	16	0	0
real_tennis_player	other	16	0	0
sports_tournament	other	16	0	0
mascot	other	16	0	0
odissi_raga	other	16	0	0
noble_family	person	16	0	0
parish_pt	other	16	0	0
international_lacrosse_competition	other	16	0	0
afl_queensland_season	other	16	0	0
fusion_devices	other	15	0	0
wintersport_world_cup	other	15	0	0
nonprofit	other	15	0	0
professional_wrestling_promotion	other	15	0	0
garden	other	15	0	0
athletics_series	other	15	0	0
patriarch	person	15	0	0
drug_class	other	15	0	0
professional_wrestling_event_series	other	15	0	0
novella	artifact	15	0	0
highway_system	other	15	0	0
cross_country_championships	pol_mil_organization	15	0	0
papal_document	other	15	0	0
ski_jumping_hill	other	15	0	0
waterlock	other	15	0	0
bible_translation	other	15	0	0
performing_art	other	15	0	0
bus	other	15	0	0
association	other	15	0	0
mill_building	place	15	0	0
quasar	other	15	0	0
pvl_conference	other	15	0	0
united_nations_membership	pol_mil_organization	15	0	0
baseball_league_division_series	other	14	0	0
pba_conference_finals	other	14	0	0
biodatabase	other	14	0	0
ncaa_division_i_ice_hockey_rankings	other	14	0	0
russian_settlement	place	14	0	0
baseball_league_championship_series	other	14	0	0
place_demographics	other	14	0	0
nuclear_reactor	other	14	0	0
first_lady	other	14	0	0
catholic_apparition	other	14	0	0
rugby_league_football_match_(quarters)	other	14	0	0
clan	pol_mil_organization	14	0	0
weather_event/fms	event	14	0	0
king	person	14	1	0
connector	other	14	0	0
thoroughbred_racehorse	other	14	0	0
national_paralympic_committee	other	14	0	0
port-of-entry	place	14	0	0
bay	place	14	0	0
location	other	14	0	0
peer	other	14	0	0
pre-modern_nfl_team	other	14	0	0
cricket_final	other	14	0	0
recurring_sailing_competition	other	14	0	0
deutsche_tourenwagen_masters_round_report	other	14	0	0
malware	other	14	1	0
expedition/wikidata	other	14	0	0
tpbl_season	other	14	0	0
exhibition	other	14	0	0
law_school	place	13	0	0
network_service_provider	other	13	0	0
sport_horse	other	13	0	0
launch_pad	other	13	0	0
college_soccer_team	place	13	0	0
debate	other	13	0	0
vg_series	other	13	0	0
settlement/wikidata	place	13	0	0
sedimentary_basin	other	13	0	0
rocket_stage	artifact	13	0	0
cbb_team	other	13	0	0
canadian_football_game	other	13	0	0
future_infrastructure_project	other	13	0	0
ministry	other	13	0	0
canton_de_france	other	13	0	0
vietnamese	other	13	1	0
laboratory_equipment	other	13	0	0
station/header_sms	place	13	0	0
encyclical	other	13	0	0
muslim_scholar	person	13	0	0
united_states_presidential_transition	other	13	0	0
olympic_gymnastics_event	other	13	0	0
korean/auto	other	13	1	0
cabinet	other	13	0	0
cloud	other	13	0	0
basketball_player	other	13	1	0
concert_tour	other	13	0	0
national_lacrosse_team	other	13	0	0
supernova	other	13	0	0
hokkien_name	other	13	1	0
college_football_bowl_games	place	13	0	0
tasmanian_football_season	other	13	0	0
winter_sport_world_cup	other	12	0	0
weather_event/sshws	event	12	0	0
latter_day_saint_biography	person	12	0	0
israel_village	place	12	0	0
college_football_season	place	12	0	0
horse_person	person	12	0	0
globular_cluster	other	12	0	0
ski_tour_report	other	12	0	0
college_soccer_season	place	12	0	0
rally_raid	other	12	0	0
biathlon_championships	other	12	0	0
olympic_bid	other	12	0	0
ortsteil_einer_gemeinde_in_deutschland	other	12	0	0
sheep_breed	other	12	0	0
emu	other	12	0	0
lgbt_rights	other	12	0	0
college_lacrosse_team	place	12	0	0
chess_opening	other	12	0	0
expedition	other	12	1	0
international_american_football_tournament	other	12	0	0
physician	person	12	0	0
scotus_nomination	other	12	0	0
ncaa_soccer_rankings	other	12	0	0
archbishop_styles	other	12	0	0
premiership	other	12	0	0
gridiron_football_team	other	12	0	0
visual_artist	person	12	0	0
rail_accident	event	12	0	0
crown	other	12	0	0
martial_art_school	place	12	0	0
pirate	person	12	0	0
word	other	12	0	0
dogbreed	other	12	0	0
grandslamtournamentsdisciplines	other	12	0	0
cultural_movement	concepts	12	0	0
nigeria_federal_constituency	pol_mil_organization	12	0	0
philippine_college_sports_general_championship	place	11	0	0
rail_company	business	11	0	0
hut	other	11	0	0
equestrian_championships	person	11	0	0
nutritional_value	other	11	0	0
genome	other	11	0	0
grand_prix_motorcycle_team	artifact	11	0	0
writer/wikidata	person	11	0	0
research_project	other	11	1	0
fencing_competition	other	11	0	0
winter	other	11	0	0
tv_advert	other	11	0	0
performing_arts_company	business	11	0	0
indian_elections	other	11	0	0
video_games	other	11	0	0
adult_biography	person	11	0	0
tool	other	11	0	0
pba_season_league	other	11	0	0
us_legislation	other	11	0	0
national_beach_handball_team	place	11	0	0
civil_servant	other	11	0	0
font	other	11	0	0
u.s._county	other	11	0	0
fragrance	other	11	0	0
bus_route	other	11	0	0
phrase	other	11	0	0
urban_development	other	11	0	0
olympic_torch_relay	other	11	0	0
library/wikidata	place	11	0	0
olympic_athletics_event	other	11	0	0
college_athletics	place	11	0	0
germany_university_rankings	place	11	0	0
sports_governing_body	other	11	0	0
ice_hockey_tournament_season	other	11	0	0
probability_distribution	other	11	0	0
song_contest_country	pol_mil_organization	11	0	0
app	other	11	0	0
office	other	11	1	0
philippine_school_volleyball_team	place	11	0	0
college_football_playoff	place	11	0	0
war	event	11	1	1
ncaa_wrestling_tournament/event	other	11	0	0
pigeonbreed	other	11	0	0
truck	other	11	0	0
spaceflight/instruments	other	10	0	0
new_zealand_suburbs	other	10	0	0
themed_area	other	10	0	0
group	other	10	0	0
custom_computer	artifact	10	0	0
television_crossover_episode	artifact	10	0	0
hill	other	10	0	0
multichoice_referendum	event	10	0	0
ncaa_division_i_ice_hockey_season	other	10	0	0
algorithm	concepts	10	0	0
heritage_railway	other	10	0	0
south_asian_games_event	other	10	0	0
grand_lodge	other	10	0	0
state_of_origin_series	other	10	0	0
speech	other	10	0	0
marine_ecoregion	other	10	0	0
motorcycle_club	artifact	10	0	0
industrial_process	other	10	0	0
road_list	place	10	0	0
cabinet_members	other	10	0	0
weather_event/blizzard	event	10	0	0
americas_cup_competition	other	10	0	0
college_lacrosse_championship	place	10	0	0
mtgset	other	10	0	0
city	place	10	0	0
ice_show	other	10	0	0
manner_of_address	other	10	1	0
icehockeyteamseason	other	10	0	0
american_football_game	other	10	0	0
soccer_country_season	pol_mil_organization	10	0	0
northern_territory_football_season	other	10	0	0
prime_minister	person	9	0	0
ngo	other	9	0	0
networking_protocol	concepts	9	0	0
gem	other	9	0	0
gpu_microarchitecture	other	9	0	0
interventions	other	9	1	0
machine	other	9	0	0
apostolic_exhortation	other	9	0	0
character_encoding	other	9	0	0
f1_engine_manufacturer	other	9	0	0
new_zealand_electorate	other	9	0	0
college_golf_team	place	9	0	0
national_people's_congress	other	9	0	0
royal_house	pol_mil_organization	9	0	0
military_personnel	person	9	1	0
doctor	person	9	0	0
space_agency	other	9	0	0
tropical_cyclone_season	event	9	0	0
military_officer	other	9	1	0
guitar_model	person	9	0	0
geopolitical_organisation	pol_mil_organization	9	0	0
college_tennis_team	place	9	0	0
college_cross_country_team	pol_mil_organization	9	0	0
house	other	9	0	0
artificial_fly	other	9	0	0
nature_reserve	other	9	0	0
national_football_team_season	other	9	0	0
bibliographic_database	other	9	0	0
ragam	other	9	0	0
world_netball_championship	other	9	0	0
nippon_professional_baseball_season	other	9	0	0
bank	other	9	0	0
national_indoor_hockey_team	other	9	0	0
capoeira_technique	other	9	0	0
synagogue	other	9	0	0
table_tennis_event	other	9	0	0
chile_cabinet	other	9	0	0
animal_breed	other	8	0	0
buddhist_temple	place	8	0	0
political_youth_organisation	pol_mil_organization	8	0	0
tennis_match	other	8	0	0
supercomputer	other	8	0	0
f1_driver	person	8	1	0
naia_football_season	other	8	0	0
buddha	other	8	0	0
wrestler	person	8	0	0
film_director	artifact	8	0	0
youth_olympic_sport	other	8	0	0
religious_biography/wikidata	person	8	0	0
water_ride	other	8	0	0
dive_site	place	8	0	0
comics_team_and_title	other	8	0	0
under-20_football_all-ireland	other	8	0	0
football_all-ireland	other	8	0	0
political_division	other	8	0	0
india_university_ranking	place	8	0	0
belgium_municipality/geography	place	8	1	0
sailing_yacht	other	8	0	0
bbl_season	other	8	0	0
multigame_series	other	8	0	0
cardinalstyles	other	8	0	0
military	other	8	0	0
united_states_proposed_legislation	other	8	0	0
academic/wikidata	person	8	0	0
medical_details	other	8	1	0
micronation	other	8	0	0
cannabis_overview	other	8	0	0
olympic_games	other	8	0	0
camogie_all-ireland	other	8	0	0
college_sailing_team	place	8	0	0
nuclear_weapons_test	event	8	0	0
state_senator	other	8	0	0
submarine_communications_cable	other	8	0	0
feud	other	8	0	0
npb_season	other	8	0	0
sports_announcer	other	8	0	0
manhua	other	8	0	0
london_ward	other	8	0	0
spree_killer	other	8	0	0
ufl_team	other	8	0	0
badminton_tournament	other	8	0	0
baseball_league_wild_card_series	other	8	0	0
isle_of_man_tt_races	other	8	0	0
national_kho_kho_team	other	8	0	0
scc_cjcourt	other	8	0	0
european_cup_rugby_season	other	7	0	0
ncaa_division_i_fbs_season	other	7	0	0
albanian_settlement	place	7	0	0
ncaa_football_school	place	7	0	0
ncaa_division_ii_season	other	7	0	0
roller_coaster_extend	other	7	0	0
roadside_station	place	7	0	0
wnba_finals_summary	other	7	0	0
sportsperson/wikidata	person	7	0	0
military_cemetery	place	7	0	0
afl_women's_season	other	7	0	0
sgp_season	other	7	0	0
certification_mark	other	7	0	0
daytona_500	other	7	0	0
canadian_leadership_election	event	7	0	0
cfl_player	person	7	0	0
basketball_association	other	7	0	0
college_baseball_team	place	7	0	0
oilfield	other	7	0	0
ncaa_division_i_women's_volleyball_tournament	other	7	0	0
hurling_team_season	other	7	0	0
russian_urban-type_settlement	place	7	0	0
sport_tournament_bid	other	7	0	0
australian_year	other	7	0	0
first_robotics_competition_game	other	7	0	0
f1_team	other	7	0	0
british_academy_video_games_awards	other	7	0	0
ghana_constituency	pol_mil_organization	7	0	0
hrhstyles	other	7	1	0
clinical_trial	other	7	0	0
italian_frazione	other	7	0	0
iwi	other	7	0	0
college_swim_team	place	7	0	0
effects_unit	other	7	0	0
furniture	other	7	0	0
civilian_award	other	7	0	0
rugby_league_cup	other	7	0	0
muslim_leader	person	7	0	0
audio_drama	other	7	0	0
windstorm_season	event	7	0	0
wheelchair_tennis_player	other	7	0	0
author_bibliography	person	7	0	0
room	other	7	0	0
sars-cov-2_variant	other	7	0	0
minor_football_all-ireland	other	7	0	0
horse	other	7	0	0
students'_union	other	7	0	0
cluster	other	7	0	0
lunar_eclipse	other	7	0	0
influencer	person	7	0	0
historical_site	place	7	0	0
sport_climbing_competition	other	7	0	0
u.s._congressional_district	other	7	0	0
gender_and_sexual_identity	other	7	0	0
marae	other	7	0	0
disease_outbreak	event	7	0	0
former_nascar_team	other	7	0	0
football_tournament_at_games	other	7	0	0
snooker_player/century_breaks	person	7	0	0
neighborhood	other	7	0	0
discography	other	7	0	0
spikers'_turf_conference	other	7	0	0
turkish_makam	other	7	0	0
football_player	other	7	0	0
concept	other	7	0	0
dungeons_&_dragons_module	other	7	0	0
athletics_event	other	6	0	0
year_in_spaceflight	other	6	0	0
speedway_grand_prix_event	other	6	0	0
computer_virus	other	6	0	0
cpu_socket	other	6	0	0
ncaa_division_i_basketball_season	other	6	0	0
comic	other	6	0	0
uksc_case	other	6	0	0
school_athletics	place	6	0	0
hurling_all-ireland	other	6	0	0
animanga/audio	other	6	0	0
gpu	other	6	0	0
castrum	other	6	0	0
field_hockey_league_season	other	6	0	0
weather_event/mf	event	6	0	0
icc_situation	other	6	0	0
pipe_band	other	6	0	0
ncaa_division_i_fcs_season	other	6	0	0
comics_organization	pol_mil_organization	6	0	0
american_football_tournament_season	other	6	0	0
coat_of_arms_wide	other	6	1	0
navigation_satellite_system	other	6	0	0
identifier	other	6	0	0
u.s._congressional_committee	other	6	0	0
amusement_ride	other	6	0	0
world_championships_in_athletics_event	other	6	0	0
political_organization	pol_mil_organization	6	0	0
domestic_cricket_season	other	6	0	0
philippines_court_case	other	6	1	0
disc_golfer	person	6	0	0
derecho	other	6	0	0
pahistoric	other	6	0	0
space_station	place	6	0	0
ladies'_football_all-ireland	other	6	0	0
curling_season	other	6	0	0
mlb_all-star_game	other	6	0	0
sec_season	other	6	0	0
charity	other	6	0	0
motorway_services	other	6	0	0
videogame	other	6	0	0
railway_station	place	6	0	0
stadium/tenantlist	place	6	0	0
indy500	other	6	0	0
pyramid	other	6	0	0
nfl	other	6	0	0
college_football_bowl_season	place	6	0	0
squash_team	other	6	0	0
rail_companies	other	6	0	0
disease	other	6	0	0
asian_games_bid	other	6	0	0
fictional_organisation	pol_mil_organization	6	0	0
mosconi_cup	other	6	0	0
arizona_legislature	pol_mil_organization	6	0	0
state_opening	other	6	0	0
stanley_cup_final	other	6	0	0
baseball_hall_of_fame_ballot	other	6	0	0
cycling_championships	other	6	0	0
olympic_sport	other	6	0	0
brazilian_carnival	other	6	0	0
cvg_system	other	6	0	0
usfl_team	other	6	0	0
county_at_gymnastics_event	other	6	0	0
american_championship_car_season	other	6	0	0
cinema	other	6	0	0
populated_place	other	6	0	0
national_american_football_team	other	6	0	0
personal_bibliography	other	6	0	0
kabaddi_league	other	6	0	0
sports_conference	other	6	0	0
ep	other	6	0	0
igtc_race_report	other	6	0	0
street/route	other	6	0	0
diplomatic_crisis	other	6	0	0
medical_intervention_(new)	other	5	0	0
cable	other	5	0	0
london_station	place	5	0	0
tv_channel	other	5	0	0
cricket_season	other	5	0	0
expansion_draft	other	5	0	0
u.s._impeachment_inquiry	other	5	0	0
afl_season	other	5	0	0
politician_(general)	person	5	1	0
unit	other	5	0	0
ecumenical_council	other	5	0	0
foundation	other	5	0	0
solar_eclipse	other	5	0	0
internet_exchange_point	other	5	0	0
comics_in_other_media	other	5	0	0
cinema_market	other	5	0	0
fictional_artifact	artifact	5	0	0
year_in_athletics	other	5	0	0
brain	other	5	0	0
golf_course	other	5	0	0
disc_golf_course	other	5	0	0
mathematical_statement	person	5	0	0
emblem_wide	other	5	1	0
soccer_biography	person	5	1	0
french_constituency	pol_mil_organization	5	0	0
film_movement	other	5	0	0
legal_case	other	5	0	0
religious_person	person	5	1	0
baseball_player	other	5	0	0
national_kabaddi_team	other	5	0	0
docks	other	5	0	0
symbol	other	5	0	0
political_system	other	5	0	0
high_school_student_assessments_in_michigan	place	5	0	0
diplomat	person	5	0	0
interbank_network	other	5	0	0
astronomical_survey	other	5	0	0
nerve	other	5	0	0
australian_rules_football_league	other	5	0	0
baseball_championship_tournament	other	5	0	0
trade_union	other	5	0	0
publication	other	5	0	0
sports_game	other	5	0	0
comics_creator_biblio	other	5	0	0
encryption_method	concepts	5	0	0
league_system	other	5	0	0
students_union	other	5	0	0
australian_members_of_parliament_lists	pol_mil_organization	5	0	0
viceroy_styles	other	5	1	0
university_boat_races	place	5	0	0
ncaa_softball_tournament	other	5	0	0
fcf_season	other	5	0	0
bantu_name	other	5	0	0
football_referee	other	5	1	0
video_game_online_service	artifact	5	0	0
rugby_league	other	5	0	0
wnba_all-star_game	other	5	0	0
terrestrial_impact_site	place	5	0	0
town	place	5	0	0
currency_sign	other	5	0	0
mlb_home_run_derby	other	5	0	0
hottest_100	other	5	0	0
cpu_series	other	5	0	0
winter_storm	event	5	0	0
basketball_team	other	5	0	0
national_softball_team	other	5	0	0
district	other	5	0	0
sharee	other	5	0	0
asian_games_event	other	5	0	0
geologic_timespan	historical_period	5	0	0
ncaa_wrestling_tournament	other	5	0	0
local_tornado_season	event	5	0	0
weather_event/tornado_family	event	5	0	0
buddhist_biography	person	5	0	0
national_netball_team	other	5	0	0
marching_band	other	4	0	0
kantar_rating	other	4	0	0
haplogroup	other	4	0	0
tectonic_plate	other	4	0	0
ncaa_division_ii_ice_hockey_tournament	other	4	0	0
game_series	other	4	0	0
cat_breed	other	4	0	0
nba_all-star_game	other	4	0	0
non-integer_number	other	4	0	0
knot	other	4	0	0
sea_games_event	other	4	0	0
belgium_municipality	place	4	0	0
diamond	other	4	0	0
rock_band_dlc	other	4	0	0
ncaa_softball_season	other	4	0	0
dialect	other	4	0	0
superfund	other	4	0	0
regulated_ppe	other	4	0	0
commander	other	4	1	0
hot_spring	other	4	0	0
watch	other	4	0	0
swim_team	other	4	0	0
plant_disease	other	4	0	0
hillclimb_venue	place	4	0	0
personal_computer	artifact	4	0	0
hymnal	other	4	0	0
weather_event/aus	event	4	0	0
entertainer	other	4	0	0
pig_breed	other	4	0	0
koryu	other	4	0	0
monarch_styles	person	4	1	0
presidential_government	pol_mil_organization	4	0	0
communist_organ	other	4	0	0
soccer_tournament_season	other	4	0	0
california_supreme_court_case	other	4	0	0
place_geography	other	4	0	0
medical_specialty	other	4	0	0
statue	other	4	0	0
smartphone	artifact	4	0	0
dual_roller_coaster	other	4	0	0
chartplatzierungen	other	4	1	0
video_game_system	artifact	4	0	0
rock	other	4	0	0
cdl_team_season	other	4	0	0
vehicle_registration_plate	other	4	0	0
agreement	other	4	0	0
art_historian	person	4	0	0
hockey_league	other	4	0	0
olympic_cycling_event	other	4	0	0
new_york_coa_case	other	4	0	0
united_states_congress	other	4	0	0
titulardiocese	other	4	0	0
americas_cup_yacht	other	4	0	0
hieroglyphs	other	4	1	0
playwright	other	4	0	0
indycar_team	other	4	0	0
list_of_episodes	other	4	0	0
orienteering_world_cup	other	4	0	0
uniformed_officer	other	4	1	0
smartwatch	other	4	0	0
wrc_team	other	4	0	0
electronic_component	other	4	0	0
central_bank	other	4	0	0
region	other	4	0	0
roller_derby_league	other	4	0	0
srx_race_report	other	4	0	0
little_league_world_series_qualification	other	4	0	0
corporation	business	4	0	0
sexuality	other	4	0	0
dance_company	business	4	0	0
shinty_club	other	4	0	0
plane_crash	event	4	0	0
league_season	other	4	0	0
antigua_and_barbuda_place	other	4	0	0
incumbency	other	4	0	0
musical_instrument	artifact	4	0	0
vein	other	4	0	0
world_heritage_site	place	4	0	0
college_gymnastics_team	place	4	0	0
uk_transmitter	other	4	0	0
miracle	other	4	0	0
national_motorcycle_speedway_team	artifact	4	0	0
fictional_character	other	4	0	0
index	other	4	0	0
magic:_the_gathering_player	other	4	0	0
railway_line	other	4	0	0
natural_region	other	4	0	0
international_korfball_competition	other	4	0	0
basketball_country_season	pol_mil_organization	4	0	0
historical_period	historical_period	4	0	0
gaelic_games_tournament	other	4	0	0
animanga/manga	artifact	4	0	0
comic_book	artifact	4	0	0
indian_state_legislative_assembly_constituency	pol_mil_organization	4	0	0
pigeon_breed	other	4	0	0
comedy_group	other	3	0	0
alternative_intervention	other	3	0	0
distributed_computing_project	other	3	0	0
u.s._presidential_commission	other	3	0	0
aoe	other	3	0	0
software_license	other	3	0	0
fabergé_egg	other	3	0	0
radio_station_dual	place	3	0	0
attraction_model	person	3	0	0
country_geography	pol_mil_organization	3	0	0
internet_personality	other	3	0	0
us_ambassador	person	3	0	0
candidate	other	3	1	0
kibbutz	other	3	0	0
video_game_character	artifact	3	0	0
fictional_organization	pol_mil_organization	3	0	0
polyhedron	other	3	0	0
archbishop	other	3	0	0
goat_breed	other	3	0	0
tennis_player	other	3	0	0
united_states_impeachment_trial	other	3	0	0
wtcc_race	other	3	0	0
college_squash_school	place	3	0	0
computing_standard	other	3	0	0
societies	other	3	0	0
education	other	3	0	0
doctor_who_doctor	person	3	0	0
ucr	other	3	0	0
vg_system	other	3	0	0
nasa_astronaut_group	person	3	0	0
train_consist	artifact	3	0	0
philippine_super_liga_conference	other	3	0	0
tea	other	3	0	0
cpu_architecture	other	3	0	0
television_advert	artifact	3	0	0
mining	other	3	0	0
philgenchamp	other	3	0	0
awards_list/custom	other	3	0	0
alternative_medicine	other	3	0	0
equestrian_event	person	3	0	0
cyberattack	event	3	0	0
listed_building	place	3	0	0
soccer_tournament	other	3	0	0
gold_mine	place	3	0	0
bishop_styles_to_be_hidden_until_consecration_as_bishop	person	3	0	0
squash_wsf_tournament	other	3	0	0
transmitter	other	3	0	0
epidemic	event	3	0	0
muslim_scholars	other	3	0	0
triathlete	other	3	0	0
network	other	3	0	0
death	other	3	0	0
refinery	other	3	0	0
winter_season	other	3	0	0
russian_village	place	3	0	0
vg_online_service	other	3	0	0
slovak_place	other	3	0	0
road/shieldmain/phl	place	3	0	0
fictional_family	other	3	0	0
lds_in_state	other	3	0	0
spacecraft_instrument	artifact	3	0	0
vg_character	other	3	0	0
road/usbr_browse	place	3	0	0
equilibrium	other	3	0	0
graph	other	3	0	0
basketball_tournament_at_games	other	3	0	0
dataset	other	3	0	0
asian_games_sport	other	3	0	0
cape	place	3	0	0
chemist	person	3	0	0
bill	other	3	0	0
monk	person	3	0	0
sport_wrestler	person	3	0	0
comics_set_index	other	3	0	0
calculator	other	3	0	0
producer_discography	other	3	0	0
weather_type	other	3	0	0
australian_federal_parliaments	other	3	0	0
webcomic	other	3	0	0
place_symbols	other	3	1	0
coup_d'état	event	3	0	0
synchronized_skating_team	other	3	0	0
postage_stamp	artifact	3	0	0
bus_terminal	other	3	0	0
financial_index	other	3	0	0
colombia_cabinet	other	3	0	0
college_marching_band	place	3	0	0
particle_accelerator	other	3	0	0
electricity_sector	other	3	0	0
novel_series	other	3	0	0
league	other	3	0	0
reactor	other	3	0	0
eucom_spp	other	3	0	0
college_softball_team	place	3	0	0
crater	other	3	0	0
incident	other	3	0	0
artery	other	3	0	0
paranormal_creature	other	3	0	0
soccer_player	person	3	0	0
artificial_intelligence	other	3	0	0
military_post	other	3	0	0
military_campaign	other	3	0	0
railway	other	3	0	0
assassination	event	3	0	0
gaelic_games_county_board	other	3	0	0
soccer_match	other	3	0	0
uk_university_rankings	place	3	0	0
technology	concepts	3	0	0
books	other	3	0	0
nfl_coach	other	3	0	0
reservoir	other	3	0	0
road/shieldmain/can	place	3	0	0
road/shieldmain/omn	place	3	0	0
dmu	other	3	0	0
mma_training_associations	other	3	0	0
asian_games_torch_relay	other	2	0	0
english_case	other	2	0	0
nsp	other	2	0	0
bottled_water	other	2	0	0
egyptian_pyramid	other	2	0	0
ferry_route	other	2	0	0
football_club_season2	other	2	0	0
archive/wikidata	other	2	0	0
diving_equipment	other	2	0	0
aqueduct_navigable	other	2	0	0
telecommunications_network	other	2	0	0
ncaa_ice_hockey_team_season	other	2	0	0
buddhist_term	other	2	0	0
soil	other	2	0	0
particle	other	2	0	0
shogi_tournament	other	2	0	0
integer_sequence	other	2	0	0
austrian_cabinet	other	2	0	0
football_competition	other	2	0	0
material	other	2	0	0
donkey	other	2	0	0
vacuum_tube	other	2	0	0
peninsula	other	2	0	0
pro_bowl	other	2	0	0
commonwealth_games_queen's_baton_relay	other	2	0	0
heteropolypeptide	other	2	0	0
pilot	person	2	0	0
emission_nebula	other	2	0	0
sports_centre	other	2	0	0
diver	other	2	0	0
fishery	other	2	0	0
u.s._presidential_elections_by_state	other	2	0	0
women_by_region	other	2	0	0
cuisine	other	2	0	0
high_school	place	2	0	0
singapore_parliament	pol_mil_organization	2	0	0
university_ranking	place	2	0	0
ambulance_company	business	2	0	0
telephone_area_code	other	2	0	0
greyhound	other	2	0	0
service_record	other	2	0	0
cardgame	other	2	0	0
kana	other	2	0	0
fictional_object	other	2	0	0
cycling_hill_climb	other	2	0	0
v8_supercar_team	other	2	0	0
martial_art_group	other	2	0	0
f1_race	other	2	0	0
baseball_league_wild_card_game	other	2	0	0
rugby_union_club	other	2	0	0
soccer_club	other	2	0	0
america's_cup_team	other	2	0	0
boxing_team	other	2	0	0
raga	other	2	0	0
nepalese_political_party	pol_mil_organization	2	1	0
theater	other	2	0	0
australian_political_party	pol_mil_organization	2	0	0
battery	other	2	0	0
weather_event/metservice	event	2	0	0
president_styles	person	2	1	0
jain_temple	place	2	0	0
vietnamese_name	other	2	0	0
national_korfball_team	other	2	0	0
education_in_country	pol_mil_organization	2	0	0
senator	other	2	0	0
aqueduct	other	2	0	0
administrative_division	other	2	0	0
television_station_dual	place	2	0	0
polish_coat_of_arms	other	2	0	0
royal	person	2	0	0
motorsport_round	other	2	0	0
ukrainian_legislative_office	other	2	1	0
academic_journal	person	2	0	0
official_event	other	2	0	0
theatre/wikidata	other	2	0	0
cloud_type	other	2	0	0
data_structure	other	2	0	0
fcf_team	other	2	0	0
stellar_association	other	2	0	0
mlb_mascot	other	2	0	0
planetary_nebula	other	2	0	0
comics_nationality	other	2	0	0
former_f1_team	other	2	0	0
military_exercise	other	2	0	0
commonwealth_games_bid	other	2	0	0
demographics	other	2	1	0
disney_ride	other	2	0	0
universiade_sport	other	2	0	0
blog	other	2	0	0
genetically_modified_organism	other	2	0	0
composition	other	2	0	0
united_nations_security_council_election_odd	event	2	0	0
cathedral	other	2	0	0
whitewater_course	other	2	0	0
4-polytope	other	2	0	0
ski_resort	other	2	0	0
weather_event/meteorology	event	2	0	0
esl_club	other	2	0	0
magic:_the_gathering_set	other	2	0	0
canyon	other	2	0	0
russian_town	place	2	0	0
aircraft_crash	artifact	2	0	0
waka	other	2	0	0
original_english_manga	artifact	2	0	0
professor	other	2	0	0
college_wrestling_team	place	2	0	0
college_mascot	place	2	0	0
olympic_water_polo_tournament	other	2	0	0
aircraft_flight	artifact	2	0	0
local_impacts	other	2	0	0
gotra	other	2	0	0
disney_resort	other	2	0	0
municipality	place	2	0	0
birth_control	other	2	0	0
aircraft_incident	artifact	2	0	0
american_indian_chief	other	2	0	0
hockey_awards	other	2	0	0
memory	other	2	0	0
sea	other	2	0	0
bone	other	2	0	0
ligament	other	2	0	0
code	other	2	0	0
waterbody	other	2	0	0
european_parliament_group	pol_mil_organization	2	0	0
theory	other	2	0	0
hymn	other	2	0	0
laser_aiming_module	other	2	0	0
upanishad	other	2	0	0
football_team	other	2	0	0
bodybuilding_contest	other	2	0	0
dependency	other	2	0	0
martyrs	other	2	0	0
turf_race	other	2	0	0
chancellor	other	2	0	0
dynasty	historical_period	2	0	0
art	other	2	0	0
united_states_federal_legislation	other	2	0	0
witness_protection	other	2	0	0
former_settlement	place	2	0	0
roller_coaster/extend	other	2	0	0
tram_route	other	2	0	0
letter	other	2	0	0
wnba_team_season	other	2	0	0
designation	other	2	0	0
performer	other	2	0	0
volleyball_game	other	2	0	0
avionics	other	2	0	0
meteor_shower	other	2	0	0
application	other	2	0	0
handball_league	other	2	0	0
sport_club	other	2	0	0
inscription	other	2	0	0
medical_test	other	2	0	0
parti_politique_français/couleurs	other	2	1	0
interval	other	2	0	0
university_department	place	2	0	0
space_mission	other	2	0	0
computer_hardware_bus	artifact	1	0	0
indian_state_or_territory	other	1	0	0
filesystem	other	1	0	0
pretender	other	1	0	0
cricket_country_season	pol_mil_organization	1	0	0
college_fencing_team	place	1	0	0
european_parliament_term	pol_mil_organization	1	0	0
rebreather	other	1	0	0
tractate	other	1	0	0
officeholder/wikidata	person	1	1	0
japanese_snack	other	1	0	0
cricket_club	other	1	0	0
mathematics_function	person	1	0	0
medical_conditions	other	1	0	0
continental_cup	other	1	0	0
spanish_royalty_styles	person	1	1	0
video_game_awards	artifact	1	0	0
algerian_names	other	1	0	0
national_sitting_volleyball_team	other	1	0	0
intersex_rights	other	1	0	0
national_cerebral_palsy_football_team	other	1	0	0
uruguayan_politician	person	1	0	0
women	other	1	0	0
bishopric	other	1	0	0
npf_draft	other	1	0	0
training_course	other	1	0	0
territory	other	1	0	0
movie_camera	artifact	1	0	0
public_health_intervention	other	1	0	0
archive	other	1	0	0
hill_of_rome	other	1	0	0
musical_scale	other	1	0	0
book/wikidata	artifact	1	0	0
u.s._college_admissions	place	1	0	0
seminary_school	place	1	0	0
water_supply_and_sanitation	other	1	0	0
windsurfer	other	1	0	0
metropolitan_area	other	1	0	0
org	other	1	0	0
uk_racecourse	other	1	0	0
probability_distribution_2	other	1	0	0
national_flag	other	1	0	0
reenactment_group	other	1	0	0
block_cipher	other	1	0	0
athletic_conference	other	1	0	0
pastor	other	1	0	0
performing_arts	other	1	0	0
sailing_team	other	1	0	0
albania_place	other	1	0	0
human_being	other	1	0	0
language/family-color	concepts	1	0	0
synoptic_hypothesis	other	1	0	0
egyptian_deity	other	1	0	0
fictional_vehicle	other	1	0	0
embryology	other	1	0	0
icelandic_political_party	pol_mil_organization	1	0	0
colour	other	1	0	0
us_cabinet	other	1	0	0
cell	other	1	0	0
college_water_polo_team	place	1	0	0
climbing_area	other	1	0	0
web	other	1	0	0
earthquakes_in_decade	other	1	0	0
video_game_engine	artifact	1	0	0
din	other	1	0	0
italy_frazione	other	1	0	0
power_plant	other	1	0	0
countries	other	1	0	0
london_cycleway	other	1	0	0
medical_equipment	other	1	0	0
new_york_legislature	pol_mil_organization	1	0	0
medical_speciality	other	1	0	0
bible_chapter	other	1	0	0
russian_term	other	1	0	0
bach_composition	other	1	0	0
asian_comic_series	other	1	0	0
weather_event/scale	event	1	0	0
ship_image	artifact	1	0	0
ship_career	artifact	1	0	0
ship_characteristics	artifact	1	0	0
college_rifle_team	place	1	0	0
irc_network	other	1	0	0
portugal_place	other	1	0	0
basketball_club2	other	1	0	0
supercars_championship_team	other	1	0	0
sanitation_technology	other	1	0	0
time_zone_continent	other	1	0	0
mythical_character	other	1	0	0
chemical_analysis	other	1	0	0
area	other	1	0	0
rugby_league_team	other	1	0	0
amateur_wrestler	person	1	0	0
australian_rules_football_grand_final	other	1	0	0
khl_team	other	1	0	0
militare	other	1	1	0
space_station_module	place	1	0	0
quran_verse	other	1	0	0
distinction	other	1	0	0
verband	other	1	0	0
nba_team	other	1	0	0
parish	other	1	0	0
aerial_lift_line/color	other	1	0	0
us_court_case	other	1	0	0
soccer_league	other	1	0	0
intermodal_freight_transport	other	1	0	0
tram_depot	other	1	0	0
comics_elements	other	1	0	0
russian	other	1	0	0
unrecognized_state	other	1	0	0
french_canton	other	1	0	0
software_platform	artifact	1	0	0
invention	concepts	1	1	1
verkehrsbetrieb	other	1	0	0
herald	other	1	0	0
house_of_representatives_of_puerto_rico	other	1	0	0
senate_of_puerto_rico	other	1	0	0
world_games_sport	other	1	0	0
world_combat_games_sport	other	1	0	0
asian_indoor_and_martial_arts_games_sport	other	1	0	0
oha_team	other	1	0	0
science	other	1	0	0
australian_government	pol_mil_organization	1	0	0
fusion_device	other	1	0	0
phone	other	1	0	0
united_nations_security_council_election_even	event	1	0	0
drum_corps	other	1	0	0
mathematical_function	person	1	0	0
irrigation	other	1	0	0
symphony	other	1	0	0
gorge	other	1	0	0
trade_unionist	other	1	0	0
court_case_2	other	1	0	0
literary_festival	other	1	0	0
government_department	pol_mil_organization	1	0	0
livery_company	business	1	0	0
kraftwerk	other	1	0	0
movie_quote	other	1	0	0
esports_organization	pol_mil_organization	1	0	0
single_nucleotide_polymorphism	other	1	0	0
pbl	other	1	0	0
spanish_missions_in_the_americas	other	1	0	0
un	other	1	0	0
diacritic	other	1	0	0
defunct_company	business	1	0	0
historical_state	other	1	0	0
gun	other	1	0	0
law_enforcement_operations	pol_mil_organization	1	0	0
lgbt_party_wing	other	1	0	0
bowl_series	other	1	0	0
medicine	other	1	0	0
fountain	other	1	0	0
camera_mount	artifact	1	0	0
un_court_case	other	1	0	0
turkish_parliament	pol_mil_organization	1	0	0
historic_region	other	1	0	0
fam_tanimbar	other	1	0	0
european_games_sport	other	1	0	0
nc_name	other	1	0	0
physical_quantity	other	1	0	0
indian_jurisdiction	other	1	0	0
predictive_model	person	1	0	0
british_political_party	pol_mil_organization	1	0	0
space_programme	other	1	0	0
thai	other	1	0	0
years_in_athletics	other	1	0	0
night_vision_device	other	1	0	0
operating_system	other	1	0	0
schiff	other	1	0	0
schiff/basis	other	1	0	0
schiff/daten	other	1	0	0
schiff/antrieb	other	1	0	0
schiff/transport	other	1	0	0
schiff/sonstiges	other	1	0	0
neafl_season	other	1	0	0
celebrity	other	1	0	0
comics_set_and_title	other	1	0	0
standardref	other	1	0	0
catbreed	other	1	0	0
continent	other	1	0	0
convention_centre	other	1	0	0
ncaa_division_i_women's_basketball_season	other	1	0	0
sports_bid	other	1	0	0
isotope	other	1	0	0
national_touch_rugby_team	other	1	0	0
halacha	other	1	0	0
nba_biography	person	1	0	0
year_in_country	pol_mil_organization	1	0	0
insel	other	1	0	0
historical_continent	historical_period	1	0	0
last_name	other	1	0	0
media	other	1	0	0
gridiron_football_single_game	other	1	0	0
uniform_crime_reports	other	1	0	0
pan_american_games_torch_relay	other	1	0	0
web_browser	other	1	0	0
japanese_university_ranking	place	1	0	0
men's_college_basketball_team	place	1	0	0
chart_positions	other	1	0	0
cow_breed	other	1	0	0
nhl_team	other	1	0	0
data_structure-amortized	other	1	0	0
content_creator	other	1	0	0
storage_medium	other	1	0	0
solar_storm	event	1	0	0
chief_executive	other	1	0	0
tomato_cultivar	other	1	0	0
tornado_outbreak	event	1	0	0
annual_event	other	1	0	0
superbike_team	other	1	0	0
international_organization	pol_mil_organization	1	0	0
aquarium	other	1	0	0
shakey's_gvil	other	1	0	0
station/ni_railways	place	1	0	0
rail_network	other	1	0	0
scientifique	other	1	0	0
national_political_convention_logistics	other	1	0	0
lunar_crater_or_mare	other	1	0	0
european_commission	other	1	0	0
protoplanetary_nebula	other	1	0	0
polychoron	other	1	0	0
site	place	1	0	0
noble/wikidata	person	1	0	0
weather_event/fwc	event	1	0	0
deutsche_behörde	other	1	0	0
airshow	other	1	0	0
meteorite_subdivision	other	1	0	0
pennsylvania_historic_site	place	1	0	0
revolution	other	1	0	0
pali_text	other	1	0	0
console	other	1	0	0
tiktok_personality	other	1	1	0
naia_football_championship_series	other	1	0	0
art_school	place	1	0	0
suspect	other	1	0	0
medical_college	place	1	0	0
weather_event/nchmf	event	1	0	0
exam	other	1	0	0
china_station	place	1	0	0
animanga/anime	other	1	0	0
afc_championship_game	other	1	0	0
guitar_pickup	other	1	0	0
bus_accident	other	1	0	0
nfl_event	other	1	0	0
presidency	other	1	0	0
police	other	1	0	0
sorority	other	1	0	0
islamic_figure	other	1	0	0
episode	other	1	0	0
band	other	1	0	0
switzerland_municipality	place	1	0	0
animation_list_by_country	pol_mil_organization	1	0	0
millitary_conflict	event	1	0	0
ogham_inscription	other	1	0	0
mobile	other	1	0	0
political_coalition	other	1	0	0
christian_denominational_family	other	1	0	0
papal_conclave	other	1	0	0
neighbourhood	other	1	0	0
fictional_planet	other	1	0	0
statistical_method	other	1	0	0
ice_hockey_series	other	1	0	0
shakey's_gvil2	other	1	0	0
criminal_organisation	person	1	0	0
franchise	other	1	0	0
wetland	other	1	0	0
gamma-ray_burst	other	1	0	0
medical_school	place	1	0	0
muscle	other	1	0	0
nukes	other	1	0	0
skill_certificate	other	1	0	0
country_demographics	pol_mil_organization	1	0	0
vessel	artifact	1	0	0
world_university_games_event	place	1	0	0
academic_division	person	1	0	0
rally_driver	other	1	0	0
waterway	place	1	0	0
playboy_playmate	person	1	0	0
political_campaign	other	1	0	0
transport	other	1	0	0
new_hampshire_supreme_court_case	other	1	0	0
model_rail_scale	person	1	0	0
concert_series	other	1	0	0
engineering	other	1	0	0
university_of_notre_dame_residence_hall	place	1	0	0
international_football_tournament	other	1	0	0
periodical	other	1	0	0
olive_cultivar	other	1	0	0
basketball_official	other	1	0	0
lunar_mare	other	1	0	0
long_track_national_team	other	1	0	0
shakey's_super_league_tournament	other	1	0	0
too_long	other	1	1	0
recording_studio	other	1	0	0
theatre_company	business	1	0	0
film/wikidata	artifact	1	0	0
biodiversity	other	1	0	0
christian_branch	concepts	1	0	0
literary_award	other	1	0	0
weather_event/npmoc	event	1	0	0
tram_line	other	1	0	0
chipset	other	1	0	0
peerage_title	other	1	0	0
chemical	other	1	0	0
bar	other	1	0	0
beer	other	1	0	0
national_rugby_union	other	1	0	0
roman_emperor	person	1	0	0
martial_arts_organization	pol_mil_organization	1	0	0
political_role	other	1	0	0
congressman	other	1	0	0
standard	other	1	0	0
shopping_centre	other	1	0	0
rail_system-route	other	1	0	0
philcollfinals	other	1	0	0
border_port	place	1	0	0
musician	person	1	0	0
